feature_name,Coefficients
MAD_z,-0.05344962127941976
Margin_ave_x,-0.011921263288580819
Margin_ave_z,-0.0101897878524901
CA153 value,0.01940783479772997
cT,0.034961952004872315
